{
    "RandomMealPlanner": 0.0,
    "GAMealPlanner": 12.938886400000001,
    "ILPMealPlanner": 600.8380398,
    "LLMMealPlanner": 4.416909
}