{
    "RandomMealPlanner": 0.0,
    "GAMealPlanner": -0.29380193536160465,
    "ILPMealPlanner": -0.2563151468328734,
    "LLMMealPlanner": 0.0
}