{
    "RandomMealPlanner|1": 0.0,
    "GAMealPlanner|1": -0.2004112185356079,
    "ILPMealPlanner|1": -0.16359898735978298,
    "LLMMealPlanner|1": 0.0,
    "RandomMealPlanner|2": 0.0,
    "GAMealPlanner|2": -0.07965481015877585,
    "ILPMealPlanner|2": -0.021423109954810695,
    "LLMMealPlanner|2": 0.0,
    "RandomMealPlanner|3": 0.0,
    "GAMealPlanner|3": -0.21487547009347072,
    "ILPMealPlanner|3": -0.2154283712462751,
    "LLMMealPlanner|3": 0.0,
    "RandomMealPlanner|4": 0.0,
    "GAMealPlanner|4": -0.35396300640195566,
    "ILPMealPlanner|4": -0.3472379397281949,
    "LLMMealPlanner|4": 0.0,
    "RandomMealPlanner|5": 0.0,
    "GAMealPlanner|5": -0.2987151449642548,
    "ILPMealPlanner|5": -0.300201755907111,
    "LLMMealPlanner|5": 0.0,
    "RandomMealPlanner|6": 0.0,
    "GAMealPlanner|6": -0.2636300652606025,
    "ILPMealPlanner|6": -0.21802869235469394,
    "LLMMealPlanner|6": 0.0
}