{
    "RandomMealPlanner|1": 0.0,
    "GAMealPlanner|1": 13.467062,
    "ILPMealPlanner|1": 600.761181,
    "LLMMealPlanner|1": 3.58409,
    "RandomMealPlanner|2": 0.0,
    "GAMealPlanner|2": 13.707981,
    "ILPMealPlanner|2": 600.957421,
    "LLMMealPlanner|2": 6.047346,
    "RandomMealPlanner|3": 0.0,
    "GAMealPlanner|3": 13.471994,
    "ILPMealPlanner|3": 600.859652,
    "LLMMealPlanner|3": 3.602414,
    "RandomMealPlanner|4": 0.0,
    "GAMealPlanner|4": 11.644046,
    "ILPMealPlanner|4": 600.361754,
    "LLMMealPlanner|4": 4.162226,
    "RandomMealPlanner|5": 0.0,
    "GAMealPlanner|5": 12.403349,
    "ILPMealPlanner|5": 601.250191,
    "LLMMealPlanner|5": 4.688469
}