{
    "RandomMealPlanner|1": {
        "ingredient_utilisation_score": 0.10296559420763243,
        "expiry_weighted_utilisation_score": 0.008199535189981049,
        "expiry_waste_score": 0.5042462845010616,
        "dietary_compliance": 0.0,
        "budget_efficiency": 0.4870184112216957,
        "purchase_dependency_score": 0.026404648559704313,
        "variety_score": 1.0
    },
    "GAMealPlanner|1": {
        "ingredient_utilisation_score": 0.22867545722054605,
        "expiry_weighted_utilisation_score": 0.029821235679432123,
        "expiry_waste_score": 0.4004730509926621,
        "dietary_compliance": 0.8923141212772707,
        "budget_efficiency": 1.0,
        "purchase_dependency_score": 0.19186956073245923,
        "variety_score": 0.2857142857142857
    },
    "ILPMealPlanner|1": {
        "ingredient_utilisation_score": 0.24760935867623765,
        "expiry_weighted_utilisation_score": 0.030372518788123883,
        "expiry_waste_score": 0.4033970276008493,
        "dietary_compliance": 0.9599152039616776,
        "budget_efficiency": 1.0,
        "purchase_dependency_score": 0.1022614085603188,
        "variety_score": 0.7142857142857143
    },
    "LLMMealPlanner|1": {
        "ingredient_utilisation_score": 0.09261125954961714,
        "expiry_weighted_utilisation_score": 0.008620930728600896,
        "expiry_waste_score": 0.5019465588286002,
        "dietary_compliance": 0.4549592753496353,
        "budget_efficiency": 0.7762223638375599,
        "purchase_dependency_score": 0.038055196796436236,
        "variety_score": 1.0
    },
    "RandomMealPlanner|2": {
        "ingredient_utilisation_score": 0.5015205627705628,
        "expiry_weighted_utilisation_score": 0.0943730674087817,
        "expiry_waste_score": 0.043933982683982666,
        "dietary_compliance": 0.0,
        "budget_efficiency": 0.19071301888148362,
        "purchase_dependency_score": 0.03229260540042268,
        "variety_score": 1.0
    },
    "GAMealPlanner|2": {
        "ingredient_utilisation_score": 0.13818181818181818,
        "expiry_weighted_utilisation_score": 0.013246753246753245,
        "expiry_waste_score": 0.4072727272727273,
        "dietary_compliance": 0.8566985497500043,
        "budget_efficiency": 0.9960617235841382,
        "purchase_dependency_score": 0.035908770713411454,
        "variety_score": 0.19047619047619047
    },
    "ILPMealPlanner|2": {
        "ingredient_utilisation_score": 0.45454545454545453,
        "expiry_weighted_utilisation_score": 0.07792207792207792,
        "expiry_waste_score": 0.09090909090909091,
        "dietary_compliance": 0.8781940827117396,
        "budget_efficiency": 1.0,
        "purchase_dependency_score": 0.10628957144473133,
        "variety_score": 0.19047619047619047
    },
    "LLMMealPlanner|2": {
        "ingredient_utilisation_score": 0.2727272727272727,
        "expiry_weighted_utilisation_score": 0.032467532467532464,
        "expiry_waste_score": 0.2727272727272727,
        "dietary_compliance": 0.37127424387347363,
        "budget_efficiency": 0.4328085898023716,
        "purchase_dependency_score": 0.049130225082130684,
        "variety_score": 0.42857142857142855
    },
    "RandomMealPlanner|3": {
        "ingredient_utilisation_score": 0.07333546933612264,
        "expiry_weighted_utilisation_score": 0.009733473492728718,
        "expiry_waste_score": 0.38872420262664165,
        "dietary_compliance": 0.0,
        "budget_efficiency": 0.4898217248031879,
        "purchase_dependency_score": 0.04024334851683288,
        "variety_score": 0.9523809523809523
    },
    "GAMealPlanner|3": {
        "ingredient_utilisation_score": 0.1137023139462164,
        "expiry_weighted_utilisation_score": 0.011463891122427707,
        "expiry_waste_score": 0.4031894934333959,
        "dietary_compliance": 0.9393564628105633,
        "budget_efficiency": 1.0,
        "purchase_dependency_score": 0.19649170051999396,
        "variety_score": 0.3333333333333333
    },
    "ILPMealPlanner|3": {
        "ingredient_utilisation_score": 0.1127628316805146,
        "expiry_weighted_utilisation_score": 0.013601251898507994,
        "expiry_waste_score": 0.36902439024390243,
        "dietary_compliance": 0.9400988554944762,
        "budget_efficiency": 1.0,
        "purchase_dependency_score": 0.10766341368290337,
        "variety_score": 0.7142857142857143
    },
    "LLMMealPlanner|3": {
        "ingredient_utilisation_score": 0.033047217010631645,
        "expiry_weighted_utilisation_score": 0.002911678429971113,
        "expiry_waste_score": 0.4223545966228893,
        "dietary_compliance": 0.3024155426332299,
        "budget_efficiency": 1.0,
        "purchase_dependency_score": 0.09710245375674298,
        "variety_score": 0.42857142857142855
    },
    "RandomMealPlanner|4": {
        "ingredient_utilisation_score": 0.09662091503267975,
        "expiry_weighted_utilisation_score": 0.009538704370637143,
        "expiry_waste_score": 0.5618151260504202,
        "dietary_compliance": 0.6527514070302882,
        "budget_efficiency": 1.0,
        "purchase_dependency_score": 0.051161028564554685,
        "variety_score": 0.8095238095238095
    },
    "GAMealPlanner|4": {
        "ingredient_utilisation_score": 0.10576470588235294,
        "expiry_weighted_utilisation_score": 0.011541816726690676,
        "expiry_waste_score": 0.5467563025210084,
        "dietary_compliance": 0.9179994053164231,
        "budget_efficiency": 1.0,
        "purchase_dependency_score": 0.039534817362548054,
        "variety_score": 0.42857142857142855
    },
    "ILPMealPlanner|4": {
        "ingredient_utilisation_score": 0.07941176470588235,
        "expiry_weighted_utilisation_score": 0.0103781512605042,
        "expiry_waste_score": 0.5411764705882353,
        "dietary_compliance": 0.9416362294825399,
        "budget_efficiency": 1.0,
        "purchase_dependency_score": 0.02740735575966373,
        "variety_score": 0.14285714285714285
    },
    "LLMMealPlanner|4": {
        "ingredient_utilisation_score": 0.1215686274509804,
        "expiry_weighted_utilisation_score": 0.012679738562091503,
        "expiry_waste_score": 0.5411764705882353,
        "dietary_compliance": 0.39388319278637407,
        "budget_efficiency": 0.3710292173095041,
        "purchase_dependency_score": 0.022650691713477868,
        "variety_score": 0.14285714285714285
    },
    "RandomMealPlanner|5": {
        "ingredient_utilisation_score": 0.05196147147925954,
        "expiry_weighted_utilisation_score": 0.004267416423641489,
        "expiry_waste_score": 0.5397575323952561,
        "dietary_compliance": 0.1257307373192782,
        "budget_efficiency": 0.612099412744641,
        "purchase_dependency_score": 0.02741279699535934,
        "variety_score": 1.0
    },
    "GAMealPlanner|5": {
        "ingredient_utilisation_score": 0.12014260717410323,
        "expiry_weighted_utilisation_score": 0.009776132150147897,
        "expiry_waste_score": 0.5464146981627297,
        "dietary_compliance": 0.9301130543972066,
        "budget_efficiency": 1.0,
        "purchase_dependency_score": 0.09971868768915469,
        "variety_score": 0.2857142857142857
    },
    "ILPMealPlanner|5": {
        "ingredient_utilisation_score": 0.10858590592842561,
        "expiry_weighted_utilisation_score": 0.008958404009022682,
        "expiry_waste_score": 0.5342764446110903,
        "dietary_compliance": 0.9605396291698578,
        "budget_efficiency": 1.0,
        "purchase_dependency_score": 0.06821267016250097,
        "variety_score": 0.6190476190476191
    },
    "LLMMealPlanner|5": {
        "ingredient_utilisation_score": 0.03937007874015748,
        "expiry_weighted_utilisation_score": 0.0013123359580052493,
        "expiry_waste_score": 0.5511811023622047,
        "dietary_compliance": 0.5061688602128332,
        "budget_efficiency": 0.9022622880920729,
        "purchase_dependency_score": 0.029899671788175854,
        "variety_score": 0.14285714285714285
    }
}