{
    "RandomMealPlanner|1": {
        "ingredient_utilisation_score": 0.10296559420763243,
        "expiry_weighted_utilisation_score": 0.008199535189981049,
        "expiry_waste_score": 0.5042462845010616,
        "dietary_compliance": 0.0,
        "budget_efficiency": 0.4870184112216957,
        "purchase_dependency_score": 0.026404648559704313,
        "variety_score": 1.0
    },
    "GAMealPlanner|1": {
        "ingredient_utilisation_score": 0.18683651804670912,
        "expiry_weighted_utilisation_score": 0.022646850672328377,
        "expiry_waste_score": 0.445859872611465,
        "dietary_compliance": 0.9656732711425781,
        "budget_efficiency": 1.0,
        "purchase_dependency_score": 0.09625122647964506,
        "variety_score": 0.19047619047619047
    },
    "ILPMealPlanner|1": {
        "ingredient_utilisation_score": 0.24760935867623765,
        "expiry_weighted_utilisation_score": 0.030372518788123883,
        "expiry_waste_score": 0.4033970276008493,
        "dietary_compliance": 0.9599152039616776,
        "budget_efficiency": 1.0,
        "purchase_dependency_score": 0.1022614085603188,
        "variety_score": 0.7142857142857143
    },
    "LLMMealPlanner|1": {
        "ingredient_utilisation_score": 0.11092203229487124,
        "expiry_weighted_utilisation_score": 0.010971436876236694,
        "expiry_waste_score": 0.501151804670913,
        "dietary_compliance": 0.4427904050106939,
        "budget_efficiency": 1.0,
        "purchase_dependency_score": 0.0861116818474941,
        "variety_score": 0.9523809523809523
    },
    "RandomMealPlanner|2": {
        "ingredient_utilisation_score": 0.5015205627705628,
        "expiry_weighted_utilisation_score": 0.0943730674087817,
        "expiry_waste_score": 0.043933982683982666,
        "dietary_compliance": 0.0,
        "budget_efficiency": 0.19071301888148362,
        "purchase_dependency_score": 0.03229260540042268,
        "variety_score": 1.0
    },
    "GAMealPlanner|2": {
        "ingredient_utilisation_score": 0.5454545454545454,
        "expiry_weighted_utilisation_score": 0.10064935064935064,
        "expiry_waste_score": 0.0,
        "dietary_compliance": 0.9788708838359789,
        "budget_efficiency": 0.3702447579676524,
        "purchase_dependency_score": 0.08397605422452718,
        "variety_score": 0.23809523809523808
    },
    "ILPMealPlanner|2": {
        "ingredient_utilisation_score": 0.45454545454545453,
        "expiry_weighted_utilisation_score": 0.07792207792207792,
        "expiry_waste_score": 0.09090909090909091,
        "dietary_compliance": 0.8781940827117396,
        "budget_efficiency": 1.0,
        "purchase_dependency_score": 0.10628957144473133,
        "variety_score": 0.19047619047619047
    },
    "LLMMealPlanner|2": {
        "ingredient_utilisation_score": 0.09090909090909091,
        "expiry_weighted_utilisation_score": 0.006493506493506493,
        "expiry_waste_score": 0.45454545454545453,
        "dietary_compliance": 0.8874338549143967,
        "budget_efficiency": 0.20623500392926286,
        "purchase_dependency_score": 0.005877488266576954,
        "variety_score": 0.14285714285714285
    },
    "RandomMealPlanner|3": {
        "ingredient_utilisation_score": 0.07333546933612264,
        "expiry_weighted_utilisation_score": 0.009733473492728718,
        "expiry_waste_score": 0.38872420262664165,
        "dietary_compliance": 0.0,
        "budget_efficiency": 0.4898217248031879,
        "purchase_dependency_score": 0.04024334851683288,
        "variety_score": 0.9523809523809523
    },
    "GAMealPlanner|3": {
        "ingredient_utilisation_score": 0.10547842401500938,
        "expiry_weighted_utilisation_score": 0.010427231305280085,
        "expiry_waste_score": 0.4202626641651032,
        "dietary_compliance": 0.9500598363560171,
        "budget_efficiency": 1.0,
        "purchase_dependency_score": 0.21916985625592778,
        "variety_score": 0.14285714285714285
    },
    "ILPMealPlanner|3": {
        "ingredient_utilisation_score": 0.1127628316805146,
        "expiry_weighted_utilisation_score": 0.013601251898507994,
        "expiry_waste_score": 0.36902439024390243,
        "dietary_compliance": 0.9400988554944762,
        "budget_efficiency": 1.0,
        "purchase_dependency_score": 0.10766341368290337,
        "variety_score": 0.7142857142857143
    },
    "LLMMealPlanner|3": {
        "ingredient_utilisation_score": 0.022865853658536585,
        "expiry_weighted_utilisation_score": 0.001298244438488341,
        "expiry_waste_score": 0.4268292682926829,
        "dietary_compliance": 0.21453093594338735,
        "budget_efficiency": 1.0,
        "purchase_dependency_score": 0.06847842567576226,
        "variety_score": 0.09523809523809523
    },
    "RandomMealPlanner|4": {
        "ingredient_utilisation_score": 0.09662091503267975,
        "expiry_weighted_utilisation_score": 0.009538704370637143,
        "expiry_waste_score": 0.5618151260504202,
        "dietary_compliance": 0.6527514070302882,
        "budget_efficiency": 1.0,
        "purchase_dependency_score": 0.051161028564554685,
        "variety_score": 0.8095238095238095
    },
    "GAMealPlanner|4": {
        "ingredient_utilisation_score": 0.06648739495798318,
        "expiry_weighted_utilisation_score": 0.00781752701080432,
        "expiry_waste_score": 0.5688067226890756,
        "dietary_compliance": 0.9242968001637144,
        "budget_efficiency": 1.0,
        "purchase_dependency_score": 0.03427305127967416,
        "variety_score": 0.14285714285714285
    },
    "ILPMealPlanner|4": {
        "ingredient_utilisation_score": 0.07941176470588235,
        "expiry_weighted_utilisation_score": 0.0103781512605042,
        "expiry_waste_score": 0.5411764705882353,
        "dietary_compliance": 0.9416362294825399,
        "budget_efficiency": 1.0,
        "purchase_dependency_score": 0.02740735575966373,
        "variety_score": 0.14285714285714285
    },
    "LLMMealPlanner|4": {
        "ingredient_utilisation_score": 0.12015686274509803,
        "expiry_weighted_utilisation_score": 0.010674136321195144,
        "expiry_waste_score": 0.5590588235294117,
        "dietary_compliance": 0.9292901878308842,
        "budget_efficiency": 0.6682551982147701,
        "purchase_dependency_score": 0.04069837640448173,
        "variety_score": 0.14285714285714285
    },
    "RandomMealPlanner|5": {
        "ingredient_utilisation_score": 0.05196147147925954,
        "expiry_weighted_utilisation_score": 0.004267416423641489,
        "expiry_waste_score": 0.5397575323952561,
        "dietary_compliance": 0.1257307373192782,
        "budget_efficiency": 0.612099412744641,
        "purchase_dependency_score": 0.02741279699535934,
        "variety_score": 1.0
    },
    "GAMealPlanner|5": {
        "ingredient_utilisation_score": 0.10336832895888015,
        "expiry_weighted_utilisation_score": 0.008705161854768155,
        "expiry_waste_score": 0.5280110819480898,
        "dietary_compliance": 0.903594741930759,
        "budget_efficiency": 1.0,
        "purchase_dependency_score": 0.09516793048709903,
        "variety_score": 0.09523809523809523
    },
    "ILPMealPlanner|5": {
        "ingredient_utilisation_score": 0.10858590592842561,
        "expiry_weighted_utilisation_score": 0.008958404009022682,
        "expiry_waste_score": 0.5342764446110903,
        "dietary_compliance": 0.9605396291698578,
        "budget_efficiency": 1.0,
        "purchase_dependency_score": 0.06821267016250097,
        "variety_score": 0.6190476190476191
    },
    "LLMMealPlanner|5": {
        "ingredient_utilisation_score": 0.03937007874015748,
        "expiry_weighted_utilisation_score": 0.0013123359580052493,
        "expiry_waste_score": 0.5511811023622047,
        "dietary_compliance": 0.8348605844176809,
        "budget_efficiency": 0.4088416978444652,
        "purchase_dependency_score": 0.012128177376379744,
        "variety_score": 0.23809523809523808
    }
}