{
    "RandomMealPlanner": {
        "mean": 0.0,
        "std": 0.0
    },
    "GAMealPlanner": {
        "mean": -0.13811626902621751,
        "std": 0.08073529370071997
    },
    "ILPMealPlanner": {
        "mean": -0.14665274343879103,
        "std": 0.06105013183971838
    },
    "LLMMealPlanner": {
        "mean": 0.0,
        "std": 0.0
    }
}