{
    "RandomMealPlanner": {
        "ingredient_utilisation_score_mean": 0.15881743812415092,
        "ingredient_utilisation_score_std": 0.12644141293079797,
        "expiry_weighted_utilisation_score_mean": 0.13405580668793557,
        "expiry_weighted_utilisation_score_std": 0.16885392968346555,
        "food_waste_score_mean": 0.4277859749052599,
        "food_waste_score_std": 0.15605207658997328,
        "dietary_constraint_compliance_mean": 1.0,
        "dietary_constraint_compliance_std": 0.0,
        "nutritional_target_score_mean": 0.15411658351061572,
        "nutritional_target_score_std": 0.14827783120833923,
        "budget_efficiency_mean": 0.6955864380942133,
        "budget_efficiency_std": 0.2539924167611524,
        "pantry_coverage_score_mean": 0.04685562855612426,
        "pantry_coverage_score_std": 0.011358140370301186,
        "variety_score_mean": 1.0,
        "variety_score_std": 0.0,
        "runtime_seconds_mean": 0.00154905,
        "runtime_seconds_std": 0.00017025664695785985
    },
    "GAMealPlanner": {
        "ingredient_utilisation_score_mean": 0.16994943504172721,
        "ingredient_utilisation_score_std": 0.0933708301161413,
        "expiry_weighted_utilisation_score_mean": 0.13001613953165095,
        "expiry_weighted_utilisation_score_std": 0.12449371406807418,
        "food_waste_score_mean": 0.4407386287175889,
        "food_waste_score_std": 0.10202036564763922,
        "dietary_constraint_compliance_mean": 1.0,
        "dietary_constraint_compliance_std": 0.0,
        "nutritional_target_score_mean": 0.9447542868802574,
        "nutritional_target_score_std": 0.03999618238445625,
        "budget_efficiency_mean": 1.0,
        "budget_efficiency_std": 0.0,
        "pantry_coverage_score_mean": 0.10670415194540613,
        "pantry_coverage_score_std": 0.06161512521690408,
        "variety_score_mean": 0.3253968253968254,
        "variety_score_std": 0.13016840846711686,
        "runtime_seconds_mean": 11.846080166666667,
        "runtime_seconds_std": 2.46749280391321
    },
    "ILPMealPlanner": {
        "ingredient_utilisation_score_mean": 0.23405395415395688,
        "ingredient_utilisation_score_std": 0.11514656906214994,
        "expiry_weighted_utilisation_score_mean": 0.20436150897211156,
        "expiry_weighted_utilisation_score_std": 0.16860026920697144,
        "food_waste_score_mean": 0.3809218474954297,
        "food_waste_score_std": 0.1360652263411459,
        "dietary_constraint_compliance_mean": 1.0,
        "dietary_constraint_compliance_std": 0.0,
        "nutritional_target_score_mean": 0.9507094762440172,
        "nutritional_target_score_std": 0.023474477652212434,
        "budget_efficiency_mean": 0.9998843161411989,
        "budget_efficiency_std": 0.0002586769721787064,
        "pantry_coverage_score_mean": 0.09357874216955142,
        "pantry_coverage_score_std": 0.052969550044171074,
        "variety_score_mean": 0.36507936507936506,
        "variety_score_std": 0.09784784131696787,
        "runtime_seconds_mean": 373.3156888333333,
        "runtime_seconds_std": 267.4523919116371
    },
    "LLMMealPlanner": {
        "ingredient_utilisation_score_mean": 0.11616884534857663,
        "ingredient_utilisation_score_std": 0.08659927299721648,
        "expiry_weighted_utilisation_score_mean": 0.0676011533877122,
        "expiry_weighted_utilisation_score_std": 0.07166005311471658,
        "food_waste_score_mean": 0.4695484484686066,
        "food_waste_score_std": 0.10267643737593653,
        "dietary_constraint_compliance_mean": 1.0,
        "dietary_constraint_compliance_std": 0.0,
        "nutritional_target_score_mean": 0.34368827685559283,
        "nutritional_target_score_std": 0.16620669658455048,
        "budget_efficiency_mean": 0.7843909575440465,
        "budget_efficiency_std": 0.2195934019033192,
        "pantry_coverage_score_mean": 0.06030782600757792,
        "pantry_coverage_score_std": 0.021983419730214886,
        "variety_score_mean": 0.6666666666666666,
        "variety_score_std": 0.18028280462858012,
        "runtime_seconds_mean": 3.4238865,
        "runtime_seconds_std": 1.1127802535636808
    }
}