{
    "RandomMealPlanner": {
        "mean": 0.0,
        "std": 0.0
    },
    "GAMealPlanner": {
        "mean": -0.24488868131496697,
        "std": 0.03653606459121948
    },
    "ILPMealPlanner": {
        "mean": -0.17059867058275371,
        "std": 0.028971396735483237
    },
    "LLMMealPlanner": {
        "mean": 0.0,
        "std": 0.0
    }
}