{
    "RandomMealPlanner": {
        "ingredient_utilisation_score_mean": 0.13986545337860337,
        "ingredient_utilisation_score_std": 0.054904066923229994,
        "expiry_weighted_utilisation_score_mean": 0.10708515208122742,
        "expiry_weighted_utilisation_score_std": 0.054916110920211265,
        "food_waste_score_mean": 0.4493169760085116,
        "food_waste_score_std": 0.09726414970398006,
        "dietary_constraint_compliance_mean": 1.0,
        "dietary_constraint_compliance_std": 0.0,
        "nutritional_target_score_mean": 0.22252870374008935,
        "nutritional_target_score_std": 0.12258017962293842,
        "budget_efficiency_mean": 0.7241686615453512,
        "budget_efficiency_std": 0.25985785754907215,
        "pantry_coverage_score_mean": 0.05159952210175663,
        "pantry_coverage_score_std": 0.021281194068310205,
        "variety_score_mean": 1.0,
        "variety_score_std": 0.0,
        "runtime_seconds_mean": 0.0,
        "runtime_seconds_std": 0.0
    },
    "GAMealPlanner": {
        "ingredient_utilisation_score_mean": 0.2205812616225995,
        "ingredient_utilisation_score_std": 0.055511030915271,
        "expiry_weighted_utilisation_score_mean": 0.17662202011619524,
        "expiry_weighted_utilisation_score_std": 0.08015599598394456,
        "food_waste_score_mean": 0.4132397916408907,
        "food_waste_score_std": 0.10008131717534327,
        "dietary_constraint_compliance_mean": 1.0,
        "dietary_constraint_compliance_std": 0.0,
        "nutritional_target_score_mean": 0.9423168695260203,
        "nutritional_target_score_std": 0.01760961912021327,
        "budget_efficiency_mean": 1.0,
        "budget_efficiency_std": 0.0,
        "pantry_coverage_score_mean": 0.1562286167821889,
        "pantry_coverage_score_std": 0.06762732322453358,
        "variety_score_mean": 0.3698412698412698,
        "variety_score_std": 0.08512436620820268,
        "runtime_seconds_mean": 17.283217333333333,
        "runtime_seconds_std": 4.83277484262348
    },
    "ILPMealPlanner": {
        "ingredient_utilisation_score_mean": 0.29938985019016345,
        "ingredient_utilisation_score_std": 0.05759694919625881,
        "expiry_weighted_utilisation_score_mean": 0.2679534169526045,
        "expiry_weighted_utilisation_score_std": 0.10305921186428736,
        "food_waste_score_mean": 0.33942989579902777,
        "food_waste_score_std": 0.1227357610220027,
        "dietary_constraint_compliance_mean": 1.0,
        "dietary_constraint_compliance_std": 0.0,
        "nutritional_target_score_mean": 0.9631720368707808,
        "nutritional_target_score_std": 0.020487291270815635,
        "budget_efficiency_mean": 1.0,
        "budget_efficiency_std": 0.0,
        "pantry_coverage_score_mean": 0.12666361464557727,
        "pantry_coverage_score_std": 0.03874073679809324,
        "variety_score_mean": 0.4761904761904762,
        "variety_score_std": 0.06734350297014739,
        "runtime_seconds_mean": 509.57315616666665,
        "runtime_seconds_std": 128.0649843313549
    },
    "LLMMealPlanner": {
        "ingredient_utilisation_score_mean": 0.17121685764817987,
        "ingredient_utilisation_score_std": 0.10921167681017105,
        "expiry_weighted_utilisation_score_mean": 0.14853943718981336,
        "expiry_weighted_utilisation_score_std": 0.12341692526849299,
        "food_waste_score_mean": 0.41851150493479805,
        "food_waste_score_std": 0.11367515753341646,
        "dietary_constraint_compliance_mean": 1.0,
        "dietary_constraint_compliance_std": 0.0,
        "nutritional_target_score_mean": 0.2794371298812048,
        "nutritional_target_score_std": 0.19762586206762292,
        "budget_efficiency_mean": 0.8104617755676466,
        "budget_efficiency_std": 0.20224820378521044,
        "pantry_coverage_score_mean": 0.06982591687248944,
        "pantry_coverage_score_std": 0.032283529079041744,
        "variety_score_mean": 0.6507936507936508,
        "variety_score_std": 0.3272306052077508,
        "runtime_seconds_mean": 3.751306,
        "runtime_seconds_std": 0.9636118645424618
    }
}