{
    "RandomMealPlanner": {
        "ingredient_utilisation_score_mean": 0.15150597576865496,
        "ingredient_utilisation_score_std": 0.12921483951993248,
        "expiry_weighted_utilisation_score_mean": 0.1343970985228965,
        "expiry_weighted_utilisation_score_std": 0.1687312871618403,
        "food_waste_score_mean": 0.42458609468493674,
        "food_waste_score_std": 0.15413480430182575,
        "dietary_constraint_compliance_mean": 1.0,
        "dietary_constraint_compliance_std": 0.0,
        "nutritional_target_score_mean": 0.17915153737016473,
        "nutritional_target_score_std": 0.13679805234653875,
        "budget_efficiency_mean": 0.7046156473595855,
        "budget_efficiency_std": 0.25970593383869,
        "pantry_coverage_score_mean": 0.04446016582200624,
        "pantry_coverage_score_std": 0.010618588874414817,
        "variety_score_mean": 1.0,
        "variety_score_std": 0.0,
        "runtime_seconds_mean": 0.0017704333333333332,
        "runtime_seconds_std": 0.00027540222503740885
    },
    "GAMealPlanner": {
        "ingredient_utilisation_score_mean": 0.19388721305757114,
        "ingredient_utilisation_score_std": 0.05215976518727826,
        "expiry_weighted_utilisation_score_mean": 0.15618982646795995,
        "expiry_weighted_utilisation_score_std": 0.06840600549873534,
        "food_waste_score_mean": 0.4131845201233169,
        "food_waste_score_std": 0.06131550688136203,
        "dietary_constraint_compliance_mean": 1.0,
        "dietary_constraint_compliance_std": 0.0,
        "nutritional_target_score_mean": 0.9263400222519521,
        "nutritional_target_score_std": 0.045308407676998015,
        "budget_efficiency_mean": 0.9990493915626887,
        "budget_efficiency_std": 0.0021256250858130363,
        "pantry_coverage_score_mean": 0.11333751215277783,
        "pantry_coverage_score_std": 0.03447581003265624,
        "variety_score_mean": 0.42857142857142855,
        "variety_score_std": 0.1672325992516308,
        "runtime_seconds_mean": 12.262151833333334,
        "runtime_seconds_std": 1.5210969868370672
    },
    "ILPMealPlanner": {
        "ingredient_utilisation_score_mean": 0.3017611394045598,
        "ingredient_utilisation_score_std": 0.05820957317126103,
        "expiry_weighted_utilisation_score_mean": 0.2575909617818911,
        "expiry_weighted_utilisation_score_std": 0.0860714593161613,
        "food_waste_score_mean": 0.34281428184399393,
        "food_waste_score_std": 0.07499360960075513,
        "dietary_constraint_compliance_mean": 1.0,
        "dietary_constraint_compliance_std": 0.0,
        "nutritional_target_score_mean": 0.9550009131921211,
        "nutritional_target_score_std": 0.022768832804070823,
        "budget_efficiency_mean": 1.0,
        "budget_efficiency_std": 0.0,
        "pantry_coverage_score_mean": 0.1207801943147796,
        "pantry_coverage_score_std": 0.04208733435003468,
        "variety_score_mean": 0.4682539682539682,
        "variety_score_std": 0.11473676424445207,
        "runtime_seconds_mean": 541.6885173333334,
        "runtime_seconds_std": 130.5730401021115
    },
    "LLMMealPlanner": {
        "ingredient_utilisation_score_mean": 0.11318683076638762,
        "ingredient_utilisation_score_std": 0.07155376416623262,
        "expiry_weighted_utilisation_score_mean": 0.07608430357997646,
        "expiry_weighted_utilisation_score_std": 0.06632228438800429,
        "food_waste_score_mean": 0.4665389223810026,
        "food_waste_score_std": 0.1071381840371302,
        "dietary_constraint_compliance_mean": 1.0,
        "dietary_constraint_compliance_std": 0.0,
        "nutritional_target_score_mean": 0.40898778251354123,
        "nutritional_target_score_std": 0.09056217219342282,
        "budget_efficiency_mean": 0.945121992696218,
        "budget_efficiency_std": 0.12271095480098637,
        "pantry_coverage_score_mean": 0.0709832951417852,
        "pantry_coverage_score_std": 0.021183932337401144,
        "variety_score_mean": 0.746031746031746,
        "variety_score_std": 0.3633499410241142,
        "runtime_seconds_mean": 5.768864166666667,
        "runtime_seconds_std": 3.080651991222281
    }
}