{
    "RandomMealPlanner|1": 0.0,
    "GAMealPlanner|1": -0.15186151027709563,
    "ILPMealPlanner|1": -0.15672556103210994,
    "LLMMealPlanner|1": 0.0,
    "RandomMealPlanner|2": 0.0,
    "GAMealPlanner|2": -0.19019060733565502,
    "ILPMealPlanner|2": -0.16852040452068393,
    "LLMMealPlanner|2": 0.0,
    "RandomMealPlanner|3": 0.0,
    "GAMealPlanner|3": -0.07055227133594305,
    "ILPMealPlanner|3": -0.08641517569129051,
    "LLMMealPlanner|3": 0.0,
    "RandomMealPlanner|4": 0.0,
    "GAMealPlanner|4": -0.19279258268813537,
    "ILPMealPlanner|4": -0.19686711449522376,
    "LLMMealPlanner|4": 0.0,
    "RandomMealPlanner|5": 0.0,
    "GAMealPlanner|5": 0.005082646843009381,
    "ILPMealPlanner|5": -0.047964905263263885,
    "LLMMealPlanner|5": 0.0,
    "RandomMealPlanner|6": 0.0,
    "GAMealPlanner|6": -0.22838328936348537,
    "ILPMealPlanner|6": -0.22342329963017413,
    "LLMMealPlanner|6": 0.0
}