{
    "RandomMealPlanner|1": 0.0,
    "GAMealPlanner|1": -0.21416904507253554,
    "ILPMealPlanner|1": -0.1573213021465833,
    "LLMMealPlanner|1": 0.0,
    "RandomMealPlanner|2": 0.0,
    "GAMealPlanner|2": -0.3138631510978437,
    "ILPMealPlanner|2": -0.17712691028682082,
    "LLMMealPlanner|2": 0.0,
    "RandomMealPlanner|3": 0.0,
    "GAMealPlanner|3": -0.22449167920514942,
    "ILPMealPlanner|3": -0.19261584487967442,
    "LLMMealPlanner|3": 0.0,
    "RandomMealPlanner|4": 0.0,
    "GAMealPlanner|4": -0.27047732070998853,
    "ILPMealPlanner|4": -0.1947662577095614,
    "LLMMealPlanner|4": 0.0,
    "RandomMealPlanner|5": 0.0,
    "GAMealPlanner|5": -0.21105106421284545,
    "ILPMealPlanner|5": -0.11234040955763172,
    "LLMMealPlanner|5": 0.0,
    "RandomMealPlanner|6": 0.0,
    "GAMealPlanner|6": -0.23527982759143923,
    "ILPMealPlanner|6": -0.1894212989162507,
    "LLMMealPlanner|6": 0.0
}